index,author,content,description,photo_url,pub_date,source,title,url,combined_text,tokens,lems,stems,keywords,final_list
0,The New York Times,"Fighting fires including immense untamed wildfires requires a combination of brutal force, endurance and skill. From the air, firefighters may release water and fire retardant, which can slow its spread but will not extinguish the raging flames. The most effe… [+1409 chars]",The Kincade and Getty fires are part of a vicious wildfire season straining the resources of fire departments across the state.,https://static01.nyt.com/images/2019/10/29/us/29fires-01/merlin_163465491_fb5b4c2d-21a4-4f7c-b47c-0fb4d1da1c0a-facebookJumbo.jpg,2019-10-29,The New York Times,California Fires Live Updates: Strong Winds May Expand Blazes,https://www.nytimes.com/2019/10/29/us/california-fires-kincade-getty.html,"Fighting fires including immense untamed wildfires requires a combination of brutal force, endurance and skill. From the air, firefighters may release water and fire retardant, which can slow its spread but will not extinguish the raging flames. The most effe… [+1409 chars]California Fires Live Updates: Strong Winds May Expand BlazesThe Kincade and Getty fires are part of a vicious wildfire season straining the resources of fire departments across the state.","['Fighting', 'fires', 'including', 'immense', 'untamed', 'wildfires', 'requires', 'a', 'combination', 'of', 'brutal', 'force', 'endurance', 'and', 'skill', 'From', 'the', 'air', 'firefighters', 'may', 'release', 'water', 'and', 'fire', 'retardant', 'which', 'can', 'slow', 'its', 'spread', 'but', 'will', 'not', 'extinguish', 'the', 'raging', 'flames', 'The', 'most', 'effe', '1409', 'chars', 'California', 'Fires', 'Live', 'Updates', 'Strong', 'Winds', 'May', 'Expand', 'BlazesThe', 'Kincade', 'and', 'Getty', 'fires', 'are', 'part', 'of', 'a', 'vicious', 'wildfire', 'season', 'straining', 'the', 'resources', 'of', 'fire', 'departments', 'across', 'the', 'state']",Fighting fire including immense untamed wildfire requires a combination of brutal force endurance and skill From the air firefighter may release water and fire retardant which can slow it spread but will not extinguish the raging flame The most effe 1409 char California Fires Live Updates Strong Winds May Expand BlazesThe Kincade and Getty fire are part of a vicious wildfire season straining the resource of fire department across the state,fight fire includ immens untam wildfir requir a combin of brutal forc endur and skill from the air firefight may releas water and fire retard which can slow it spread but will not extinguish the rage flame the most eff 1409 char california fire live updat strong wind may expand blazesth kincad and getti fire are part of a viciou wildfir season strain the resourc of fire depart across the state,"['state', 'resources', 'raging', 'flames', 'fire', 'retardant', 'vicious', 'wildfire', 'season', 'straining', 'california', 'fires', 'live', 'updates', 'brutal', 'force', 'fighting', 'including', 'immense', 'untamed', 'wildfires', 'requires', 'endurance', 'firefighters', 'may', 'release', 'water', 'extinguish', 'skill', 'spread', 'getty', 'air', 'effe', '…', '[+', '1409', 'chars', 'slow', 'departments', 'across', 'part', 'strong', 'winds', 'expand', 'blazesthe', 'kincade', 'combination']",1
9,finance,"SANTA ROSA, Calif. (AP) The Latest on planned power outages to prevent California wildfires (all times local):
8:25 a.m.
A wildfire burning in Northern California's wine country increased in size overnight but fire crews have kept pace containing the flames… [+2842 chars]",A wildfire burning in Northern California's wine country increased in size overnight but fire crews have kept pace containing the flames. California Department of Forestry and Fire Protection officials said Tuesday that the fire in Sonoma County north of San …,https://s.yimg.com/uu/api/res/1.2/AhKsrgww6Qd2mosG5DYw4A--~B/aD0xOTMwO3c9Mjk1MztzbT0xO2FwcGlkPXl0YWNoeW9u/https://media.zenfs.com/en/ap.org/364a105b0e50b5f9be73761e27e77184,2019-10-29,Yahoo.com,The Latest: Wildfire in California wine country grows,https://finance.yahoo.com/news/latest-california-utility-begins-phase-143251715.html,"SANTA ROSA, Calif. (AP) The Latest on planned power outages to prevent California wildfires (all times local):
8:25 a.m.
A wildfire burning in Northern California's wine country increased in size overnight but fire crews have kept pace containing the flames… [+2842 chars]The Latest: Wildfire in California wine country growsA wildfire burning in Northern California's wine country increased in size overnight but fire crews have kept pace containing the flames. California Department of Forestry and Fire Protection officials said Tuesday that the fire in Sonoma County north of San …","['SANTA', 'ROSA', 'Calif', 'AP', 'The', 'Latest', 'on', 'planned', 'power', 'outages', 'to', 'prevent', 'California', 'wildfires', 'all', 'times', 'local', '8', '25', 'a', 'm', 'A', 'wildfire', 'burning', 'in', 'Northern', 'California', 's', 'wine', 'country', 'increased', 'in', 'size', 'overnight', 'but', 'fire', 'crews', 'have', 'kept', 'pace', 'containing', 'the', 'flames', '2842', 'chars', 'The', 'Latest', 'Wildfire', 'in', 'California', 'wine', 'country', 'growsA', 'wildfire', 'burning', 'in', 'Northern', 'California', 's', 'wine', 'country', 'increased', 'in', 'size', 'overnight', 'but', 'fire', 'crews', 'have', 'kept', 'pace', 'containing', 'the', 'flames', 'California', 'Department', 'of', 'Forestry', 'and', 'Fire', 'Protection', 'officials', 'said', 'Tuesday', 'that', 'the', 'fire', 'in', 'Sonoma', 'County', 'north', 'of', 'San']",SANTA ROSA Calif AP The Latest on planned power outage to prevent California wildfire all time local 8 25 a m A wildfire burning in Northern California s wine country increased in size overnight but fire crew have kept pace containing the flame 2842 char The Latest Wildfire in California wine country growsA wildfire burning in Northern California s wine country increased in size overnight but fire crew have kept pace containing the flame California Department of Forestry and Fire Protection official said Tuesday that the fire in Sonoma County north of San,santa rosa calif AP the latest on plan power outag to prevent california wildfir all time local 8 25 a m A wildfir burn in northern california s wine countri increas in size overnight but fire crew have kept pace contain the flame 2842 char the latest wildfir in california wine countri growsa wildfir burn in northern california s wine countri increas in size overnight but fire crew have kept pace contain the flame california depart of forestri and fire protect offici said tuesday that the fire in sonoma counti north of san,"['ap', 'planned', 'power', 'outages', 'wildfire', 'burning', 'flames', '…', '[+', '2842', 'chars', 'forestry', 'latest', '25', 'santa', 'rosa', 'kept', 'pace', 'containing', 'sonoma', 'county', 'north', 'times', 'local', '):', '8', 'northern', 'california', 'calif', 'san', 'wine', 'country', 'growsa', 'size', 'overnight', 'fire', 'protection', 'officials', 'said', 'tuesday', 'prevent', 'wildfires', 'department', 'increased', 'crews']",1
15,"Linh Anh Cat, Contributor, Linh Anh Cat, Contributor https://www.forbes.com/sites/linhanhcat/","Flames close in on cars parked along a country road at the Blue Cut Fire on August 17, 2016 near ... [+] Wrightwood, California.
Getty Images
Californias fire season is in full force, with the Kincade fire currently burning in the Bay Area, and the Getty Fi… [+6785 chars]","After wildfire, soil microbes undergo changes that then impact humans. From culinary delicacies to toxic compounds, check out three ways wildfires impact soil microbes.",https://thumbor.forbes.com/thumbor/600x315/https%3A%2F%2Fspecials-images.forbesimg.com%2Fimageserve%2F591628100%2F960x0.jpg,2019-10-29,Forbes.com,What Happens To Soil Microbes After Wildfire?,https://www.forbes.com/sites/linhanhcat/2019/10/29/soil-microbes-after-wildfire/,"Flames close in on cars parked along a country road at the Blue Cut Fire on August 17, 2016 near ... [+] Wrightwood, California.
Getty Images
Californias fire season is in full force, with the Kincade fire currently burning in the Bay Area, and the Getty Fi… [+6785 chars]What Happens To Soil Microbes After Wildfire?After wildfire, soil microbes undergo changes that then impact humans. From culinary delicacies to toxic compounds, check out three ways wildfires impact soil microbes.","['Flames', 'close', 'in', 'on', 'cars', 'parked', 'along', 'a', 'country', 'road', 'at', 'the', 'Blue', 'Cut', 'Fire', 'on', 'August', '17', '2016', 'near', 'Wrightwood', 'California', 'Getty', 'Images', 'Californias', 'fire', 'season', 'is', 'in', 'full', 'force', 'with', 'the', 'Kincade', 'fire', 'currently', 'burning', 'in', 'the', 'Bay', 'Area', 'and', 'the', 'Getty', 'Fi', '6785', 'chars', 'What', 'Happens', 'To', 'Soil', 'Microbes', 'After', 'Wildfire', 'After', 'wildfire', 'soil', 'microbes', 'undergo', 'changes', 'that', 'then', 'impact', 'humans', 'From', 'culinary', 'delicacies', 'to', 'toxic', 'compounds', 'check', 'out', 'three', 'ways', 'wildfires', 'impact', 'soil', 'microbes']",Flames close in on car parked along a country road at the Blue Cut Fire on August 17 2016 near Wrightwood California Getty Images Californias fire season is in full force with the Kincade fire currently burning in the Bay Area and the Getty Fi 6785 char What Happens To Soil Microbes After Wildfire After wildfire soil microbe undergo change that then impact human From culinary delicacy to toxic compound check out three way wildfire impact soil microbe,flame close in on car park along a countri road at the blue cut fire on august 17 2016 near wrightwood california getti imag california fire season is in full forc with the kincad fire current burn in the bay area and the getti Fi 6785 char what happen To soil microb after wildfir after wildfir soil microb undergo chang that then impact human from culinari delicaci to toxic compound check out three way wildfir impact soil microb,"['impact', 'humans', 'getty', 'fi', '…', '[+', '6785', 'chars', 'three', 'ways', 'wildfires', 'soil', 'microbes', 'full', 'force', 'toxic', 'compounds', 'culinary', 'delicacies', 'check', 'undergo', 'changes', 'bay', 'area', 'august', '17', 'country', 'road', 'blue', 'cut', 'fire', 'flames', 'close', 'images', 'californias', 'season', 'wildfire', 'california', 'kincade', 'currently', 'burning', '2016', 'near', '...', '[+]', 'wrightwood', 'happens', 'cars', 'parked', 'along']",1
42,"John Bacon, USA TODAY","Respirators, yes. Surgical and dust masks, no.
Wildfires fueled by drought conditions and high winds are blazing through swaths of real estate around San Francisco and Los Angeles, fouling air quality for residents miles from the flames.
Wildfire-driven air… [+2916 chars]","What kind of mask do you need for wildfire smoke? As wildfires blaze around San Francisco and Los Angeles, here's how to protect yourself from smoke",https://s.yimg.com/ny/api/res/1.2/dQRK_KJJ8bEVGbOF.epa3Q--/YXBwaWQ9aGlnaGxhbmRlcjt3PTEyODA7aD04NTMuMzMzMzMzMzMzMzMzNA--/https://s.yimg.com/uu/api/res/1.2/0cBENSRANZ1kfWyWRhuRLw--~B/aD0yMDAwO3c9MzAwMDtzbT0xO2FwcGlkPXl0YWNoeW9u/https://media.zenfs.com/en-us/usa_today_news_641/29f17b1f3baba5cdd8177243e18c4048,2019-10-29,Yahoo.com,"As wildfires foul California air, residents are wearing face masks. But they really need respirators",https://news.yahoo.com/wildfires-foul-california-air-residents-124628161.html,"Respirators, yes. Surgical and dust masks, no.
Wildfires fueled by drought conditions and high winds are blazing through swaths of real estate around San Francisco and Los Angeles, fouling air quality for residents miles from the flames.
Wildfire-driven air… [+2916 chars]As wildfires foul California air, residents are wearing face masks. But they really need respiratorsWhat kind of mask do you need for wildfire smoke? As wildfires blaze around San Francisco and Los Angeles, here's how to protect yourself from smoke","['Respirators', 'yes', 'Surgical', 'and', 'dust', 'masks', 'no', 'Wildfires', 'fueled', 'by', 'drought', 'conditions', 'and', 'high', 'winds', 'are', 'blazing', 'through', 'swaths', 'of', 'real', 'estate', 'around', 'San', 'Francisco', 'and', 'Los', 'Angeles', 'fouling', 'air', 'quality', 'for', 'residents', 'miles', 'from', 'the', 'flames', 'Wildfire', 'driven', 'air', '2916', 'chars', 'As', 'wildfires', 'foul', 'California', 'air', 'residents', 'are', 'wearing', 'face', 'masks', 'But', 'they', 'really', 'need', 'respiratorsWhat', 'kind', 'of', 'mask', 'do', 'you', 'need', 'for', 'wildfire', 'smoke', 'As', 'wildfires', 'blaze', 'around', 'San', 'Francisco', 'and', 'Los', 'Angeles', 'here', 's', 'how', 'to', 'protect', 'yourself', 'from', 'smoke']",Respirators yes Surgical and dust mask no Wildfires fueled by drought condition and high wind are blazing through swath of real estate around San Francisco and Los Angeles fouling air quality for resident mile from the flame Wildfire driven air 2916 char As wildfire foul California air resident are wearing face mask But they really need respiratorsWhat kind of mask do you need for wildfire smoke As wildfire blaze around San Francisco and Los Angeles here s how to protect yourself from smoke,respir ye surgic and dust mask no wildfir fuel by drought condit and high wind are blaze through swath of real estat around san francisco and lo angel foul air qualiti for resid mile from the flame wildfir driven air 2916 char As wildfir foul california air resid are wear face mask but they realli need respiratorswhat kind of mask do you need for wildfir smoke As wildfir blaze around san francisco and lo angel here s how to protect yourself from smoke,"['really', 'need', 'respiratorswhat', 'kind', 'wildfires', 'fueled', 'wildfire', 'smoke', 'foul', 'california', 'air', 'driven', '…', '[+', '2916', 'chars', 'blaze', 'around', 'san', 'francisco', 'respirators', 'los', 'angeles', 'high', 'winds', 'residents', 'miles', 'blazing', 'dust', 'masks', 'yes', 'protect', 'flames', 'drought', 'conditions', 'swaths', 'wearing', 'face', 'fouling', 'quality', 'surgical', 'real', 'estate', 'mask']",1
74,"AFP, AFP, Newsdesk, Entertainment Desk, Saleem Khaliq, ​ Our Correspondent, Entertainment Desk, MIAN ASGHAR SALEEMI, AFP / News Desk, Saqib Bashir","PHOTO: AFP 
LOS ANGELES: More than 1,000 firefighters battled a wind-driven blaze Monday that broke out near the renowned Getty Center in Los Angeles, prompting widespread evacuations as the flames destroyed several homes and forced the shutdown of schools a… [+4459 chars]",The fire scorched 600 acres which sending people fleeing in the dark The post Evacuations as wildfire breaks out in Los Angeles appeared first on The Express Tribune.,https://c.tribune.com.pk/2019/10/california-fire-4-1572351664-e1572351735709.jpg,2019-10-29,Tribune.com.pk,Evacuations as wildfire breaks out in Los Angeles,https://tribune.com.pk/story/2089457/3-evacuations-wildfire-breaks-los-angeles/,"PHOTO: AFP 
LOS ANGELES: More than 1,000 firefighters battled a wind-driven blaze Monday that broke out near the renowned Getty Center in Los Angeles, prompting widespread evacuations as the flames destroyed several homes and forced the shutdown of schools a… [+4459 chars]Evacuations as wildfire breaks out in Los AngelesThe fire scorched 600 acres which sending people fleeing in the dark The post Evacuations as wildfire breaks out in Los Angeles appeared first on The Express Tribune.","['PHOTO', 'AFP', 'LOS', 'ANGELES', 'More', 'than', '1', '000', 'firefighters', 'battled', 'a', 'wind', 'driven', 'blaze', 'Monday', 'that', 'broke', 'out', 'near', 'the', 'renowned', 'Getty', 'Center', 'in', 'Los', 'Angeles', 'prompting', 'widespread', 'evacuations', 'as', 'the', 'flames', 'destroyed', 'several', 'homes', 'and', 'forced', 'the', 'shutdown', 'of', 'schools', 'a', '4459', 'chars', 'Evacuations', 'as', 'wildfire', 'breaks', 'out', 'in', 'Los', 'AngelesThe', 'fire', 'scorched', '600', 'acres', 'which', 'sending', 'people', 'fleeing', 'in', 'the', 'dark', 'The', 'post', 'Evacuations', 'as', 'wildfire', 'breaks', 'out', 'in', 'Los', 'Angeles', 'appeared', 'first', 'on', 'The', 'Express', 'Tribune']",PHOTO AFP LOS ANGELES More than 1 000 firefighter battled a wind driven blaze Monday that broke out near the renowned Getty Center in Los Angeles prompting widespread evacuation a the flame destroyed several home and forced the shutdown of school a 4459 char Evacuations a wildfire break out in Los AngelesThe fire scorched 600 acre which sending people fleeing in the dark The post Evacuations a wildfire break out in Los Angeles appeared first on The Express Tribune,photo afp lo angel more than 1 000 firefight battl a wind driven blaze monday that broke out near the renown getti center in lo angel prompt widespread evacu as the flame destroy sever home and forc the shutdown of school a 4459 char evacu as wildfir break out in lo angelesth fire scorch 600 acr which send peopl flee in the dark the post evacu as wildfir break out in lo angel appear first on the express tribun,"['dark', '000', 'firefighters', 'battled', 'express', 'tribune', 'afp', 'los', 'angeles', 'forced', 'wind', 'photo', 'flames', 'destroyed', 'several', 'homes', 'post', 'evacuations', 'broke', 'near', 'wildfire', 'breaks', 'shutdown', 'appeared', 'first', 'sending', 'people', 'fleeing', 'renowned', 'getty', 'center', '…', '[+', '4459', 'chars', '1', 'angelesthe', 'fire', 'scorched', '600', 'acres', 'schools', 'prompting', 'widespread', 'driven', 'blaze', 'monday']",1
90,Deutsche Welle (www.dw.com),"Authorities in California faced a new wildfire in Los Angeles as its firefighters were struggling to contain two massive blazes in the north and the south of the state on Monday.
The new blaze was reported early on Monday near LA's famed Getty Center museum.… [+1507 chars]","A new California wildfire has destroyed homes in a wealthy Los Angeles neighborhood and forced thousands to evacuate. Meanwhile, a local power company says its lines may have sparked two fires near San Francisco.",https://www.dw.com/image/51029415_304.jpg,2019-10-29,Dw.com,"California fire forces Schwarzenegger, LeBron out of LA homes",https://www.dw.com/en/california-fire-forces-schwarzenegger-lebron-out-of-la-homes/a-51029347,"Authorities in California faced a new wildfire in Los Angeles as its firefighters were struggling to contain two massive blazes in the north and the south of the state on Monday.
The new blaze was reported early on Monday near LA's famed Getty Center museum.… [+1507 chars]California fire forces Schwarzenegger, LeBron out of LA homesA new California wildfire has destroyed homes in a wealthy Los Angeles neighborhood and forced thousands to evacuate. Meanwhile, a local power company says its lines may have sparked two fires near San Francisco.","['Authorities', 'in', 'California', 'faced', 'a', 'new', 'wildfire', 'in', 'Los', 'Angeles', 'as', 'its', 'firefighters', 'were', 'struggling', 'to', 'contain', 'two', 'massive', 'blazes', 'in', 'the', 'north', 'and', 'the', 'south', 'of', 'the', 'state', 'on', 'Monday', 'The', 'new', 'blaze', 'was', 'reported', 'early', 'on', 'Monday', 'near', 'LA', 's', 'famed', 'Getty', 'Center', 'museum', '1507', 'chars', 'California', 'fire', 'forces', 'Schwarzenegger', 'LeBron', 'out', 'of', 'LA', 'homesA', 'new', 'California', 'wildfire', 'has', 'destroyed', 'homes', 'in', 'a', 'wealthy', 'Los', 'Angeles', 'neighborhood', 'and', 'forced', 'thousands', 'to', 'evacuate', 'Meanwhile', 'a', 'local', 'power', 'company', 'says', 'its', 'lines', 'may', 'have', 'sparked', 'two', 'fires', 'near', 'San', 'Francisco']",Authorities in California faced a new wildfire in Los Angeles a it firefighter were struggling to contain two massive blaze in the north and the south of the state on Monday The new blaze wa reported early on Monday near LA s famed Getty Center museum 1507 char California fire force Schwarzenegger LeBron out of LA homesA new California wildfire ha destroyed home in a wealthy Los Angeles neighborhood and forced thousand to evacuate Meanwhile a local power company say it line may have sparked two fire near San Francisco,author in california face a new wildfir in lo angel as it firefight were struggl to contain two massiv blaze in the north and the south of the state on monday the new blaze wa report earli on monday near LA s fame getti center museum 1507 char california fire forc schwarzenegg lebron out of LA homesa new california wildfir ha destroy home in a wealthi lo angel neighborhood and forc thousand to evacu meanwhil a local power compani say it line may have spark two fire near san francisco,"['authorities', 'wealthy', 'los', 'angeles', 'neighborhood', 'state', 'famed', 'getty', 'center', 'museum', '.…', '[+', '1507', 'chars', 'struggling', 'destroyed', 'homes', 'california', 'faced', 'monday', 'near', 'la', 'evacuate', 'new', 'blaze', 'forced', 'thousands', 'lebron', 'lines', 'may', 'sparked', 'two', 'fires', 'san', 'francisco', 'south', 'north', 'local', 'power', 'company', 'says', 'fire', 'forces', 'schwarzenegger', 'homesa', 'wildfire', 'contain', 'massive', 'blazes', 'meanwhile', 'firefighters', 'reported', 'early']",1
100,Al Jazeera,"Fires swept through the hills of Los Angeles where many celebrities live on Monday, destroying several large homes and forcing thousands of people to flee, as a blaze in Californias wine country in the United States exploded in size.
The flames that roared u… [+3929 chars]","As firefighters work to tackle blazes, authorities warn of worse to come with no rain and high winds forecast.",https://www.aljazeera.com/mritems/Images/2019/10/29/94864cd074e743358343c8a7c2f83840_18.jpg,2019-10-29,Al Jazeera English,"Residents, celebrities forced to flee as California burns",https://www.aljazeera.com/news/2019/10/residents-celebrities-forced-flee-california-burns-191029033555888.html,"Fires swept through the hills of Los Angeles where many celebrities live on Monday, destroying several large homes and forcing thousands of people to flee, as a blaze in Californias wine country in the United States exploded in size.
The flames that roared u… [+3929 chars]Residents, celebrities forced to flee as California burnsAs firefighters work to tackle blazes, authorities warn of worse to come with no rain and high winds forecast.","['Fires', 'swept', 'through', 'the', 'hills', 'of', 'Los', 'Angeles', 'where', 'many', 'celebrities', 'live', 'on', 'Monday', 'destroying', 'several', 'large', 'homes', 'and', 'forcing', 'thousands', 'of', 'people', 'to', 'flee', 'as', 'a', 'blaze', 'in', 'Californias', 'wine', 'country', 'in', 'the', 'United', 'States', 'exploded', 'in', 'size', 'The', 'flames', 'that', 'roared', 'u', '3929', 'chars', 'Residents', 'celebrities', 'forced', 'to', 'flee', 'as', 'California', 'burnsAs', 'firefighters', 'work', 'to', 'tackle', 'blazes', 'authorities', 'warn', 'of', 'worse', 'to', 'come', 'with', 'no', 'rain', 'and', 'high', 'winds', 'forecast']",Fires swept through the hill of Los Angeles where many celebrity live on Monday destroying several large home and forcing thousand of people to flee a a blaze in Californias wine country in the United States exploded in size The flame that roared u 3929 char Residents celebrity forced to flee a California burnsAs firefighter work to tackle blaze authority warn of worse to come with no rain and high wind forecast,fire swept through the hill of lo angel where mani celebr live on monday destroy sever larg home and forc thousand of peopl to flee as a blaze in california wine countri in the unit state explod in size the flame that roar u 3929 char resid celebr forc to flee as california burnsa firefight work to tackl blaze author warn of wors to come with no rain and high wind forecast,"['californias', 'wine', 'country', 'many', 'celebrities', 'live', 'authorities', 'warn', 'fires', 'swept', 'flee', 'blaze', 'los', 'angeles', 'united', 'states', 'exploded', 'size', 'roared', 'u', '…', '[+', '3929', 'chars', 'destroying', 'several', 'large', 'homes', 'people', 'come', 'high', 'winds', 'forecast', 'forced', 'flames', 'residents', 'california', 'burnsas', 'firefighters', 'work', 'forcing', 'thousands', 'monday', 'worse', 'rain', 'hills', 'tackle', 'blazes']",1
111,"Ivan Penn, Mariel Padilla and Derrick Bryson Taylor","Sonoma County officials ordered 50,000 residents to flee from the spreading Kincade Fire, which has already consumed 25,455 acres. It was the countys largest wildfire evacuation in more than 25 years, Sheriff Mark Essick said, and it covered some residents wh… [+1193 chars]","The move, the largest in the state’s history, comes as extreme weather conditions heighten the threats of wildfires.",https://static01.nyt.com/images/2019/10/26/us/26fire-livebriefing1/26fire-livebriefing1-facebookJumbo.jpg,2019-10-26,The New York Times,"California Fires Updates: Another 940,000 Customers to Lose Power",https://www.nytimes.com/2019/10/26/us/Kincade-Fire-Sonoma-California.html,"Sonoma County officials ordered 50,000 residents to flee from the spreading Kincade Fire, which has already consumed 25,455 acres. It was the countys largest wildfire evacuation in more than 25 years, Sheriff Mark Essick said, and it covered some residents wh… [+1193 chars]California Fires Updates: Another 940,000 Customers to Lose PowerThe move, the largest in the state’s history, comes as extreme weather conditions heighten the threats of wildfires.","['Sonoma', 'County', 'officials', 'ordered', '50', '000', 'residents', 'to', 'flee', 'from', 'the', 'spreading', 'Kincade', 'Fire', 'which', 'has', 'already', 'consumed', '25', '455', 'acres', 'It', 'was', 'the', 'countys', 'largest', 'wildfire', 'evacuation', 'in', 'more', 'than', '25', 'years', 'Sheriff', 'Mark', 'Essick', 'said', 'and', 'it', 'covered', 'some', 'residents', 'wh', '1193', 'chars', 'California', 'Fires', 'Updates', 'Another', '940', '000', 'Customers', 'to', 'Lose', 'PowerThe', 'move', 'the', 'largest', 'in', 'the', 'state', 's', 'history', 'comes', 'as', 'extreme', 'weather', 'conditions', 'heighten', 'the', 'threats', 'of', 'wildfires']",Sonoma County official ordered 50 000 resident to flee from the spreading Kincade Fire which ha already consumed 25 455 acre It wa the county largest wildfire evacuation in more than 25 year Sheriff Mark Essick said and it covered some resident wh 1193 char California Fires Updates Another 940 000 Customers to Lose PowerThe move the largest in the state s history come a extreme weather condition heighten the threat of wildfire,sonoma counti offici order 50 000 resid to flee from the spread kincad fire which ha alreadi consum 25 455 acr It wa the counti largest wildfir evacu in more than 25 year sheriff mark essick said and it cover some resid wh 1193 char california fire updat anoth 940 000 custom to lose powerth move the largest in the state s histori come as extrem weather condit heighten the threat of wildfir,"['spreading', 'kincade', 'fire', '000', 'residents', 'comes', 'sheriff', 'mark', 'essick', 'said', 'state', '’', 'wildfires', 'lose', 'powerthe', 'move', 'wh', '…', '[+', '1193', 'chars', 'sonoma', 'county', 'officials', 'ordered', '50', 'extreme', 'weather', 'conditions', 'heighten', 'threats', 'california', 'fires', 'updates', '25', 'years', 'flee', 'customers', 'covered', 'another', '940', 'already', 'consumed', 'largest', 'countys', 'wildfire', 'evacuation', '455', 'acres', 'history']",1
119,"Faiz Siddiqui, Michael Brice-Saddler",News of the outage comes after two significant fires began close to residential areas in Northern and Southern California over the past three days. A wildfire burning out of control near Los Angeles expanded rapidly overnight and jumped a highway early Friday… [+5255 chars],"Power outages look for millions of Calif. residents as PG&E faces scrutiny for degrading infrastructure Washington Post As Kincade fire rages, Northern California faces biggest blackouts ever this weekend Los Angeles Times California wildfires: Newsom issues …",https://www.washingtonpost.com/resizer/eSlIRtJNfwxHTDXk3xAkiitwDUY=/1440x0/smart/arc-anglerfish-washpost-prod-washpost.s3.amazonaws.com/public/T7WX55HXWII6TMWSD434TWBNXM.jpg,2019-10-26,The Washington Post,Power outages look for millions of Calif. residents as PG&E faces scrutiny for degrading infrastructure - Washington Post,https://www.washingtonpost.com/nation/2019/10/26/california-wildfires-power-outages-kincade-tick/,"News of the outage comes after two significant fires began close to residential areas in Northern and Southern California over the past three days. A wildfire burning out of control near Los Angeles expanded rapidly overnight and jumped a highway early Friday… [+5255 chars]Power outages look for millions of Calif. residents as PG&E faces scrutiny for degrading infrastructure - Washington PostPower outages look for millions of Calif. residents as PG&E faces scrutiny for degrading infrastructure Washington Post As Kincade fire rages, Northern California faces biggest blackouts ever this weekend Los Angeles Times California wildfires: Newsom issues …","['News', 'of', 'the', 'outage', 'comes', 'after', 'two', 'significant', 'fires', 'began', 'close', 'to', 'residential', 'areas', 'in', 'Northern', 'and', 'Southern', 'California', 'over', 'the', 'past', 'three', 'days', 'A', 'wildfire', 'burning', 'out', 'of', 'control', 'near', 'Los', 'Angeles', 'expanded', 'rapidly', 'overnight', 'and', 'jumped', 'a', 'highway', 'early', 'Friday', '5255', 'chars', 'Power', 'outages', 'look', 'for', 'millions', 'of', 'Calif', 'residents', 'as', 'PG', 'E', 'faces', 'scrutiny', 'for', 'degrading', 'infrastructure', 'Washington', 'PostPower', 'outages', 'look', 'for', 'millions', 'of', 'Calif', 'residents', 'as', 'PG', 'E', 'faces', 'scrutiny', 'for', 'degrading', 'infrastructure', 'Washington', 'Post', 'As', 'Kincade', 'fire', 'rages', 'Northern', 'California', 'faces', 'biggest', 'blackouts', 'ever', 'this', 'weekend', 'Los', 'Angeles', 'Times', 'California', 'wildfires', 'Newsom', 'issues']",News of the outage come after two significant fire began close to residential area in Northern and Southern California over the past three day A wildfire burning out of control near Los Angeles expanded rapidly overnight and jumped a highway early Friday 5255 char Power outage look for million of Calif resident a PG E face scrutiny for degrading infrastructure Washington PostPower outage look for million of Calif resident a PG E face scrutiny for degrading infrastructure Washington Post As Kincade fire rage Northern California face biggest blackout ever this weekend Los Angeles Times California wildfire Newsom issue,new of the outag come after two signific fire began close to residenti area in northern and southern california over the past three day A wildfir burn out of control near lo angel expand rapidli overnight and jump a highway earli friday 5255 char power outag look for million of calif resid as PG E face scrutini for degrad infrastructur washington postpow outag look for million of calif resid as PG E face scrutini for degrad infrastructur washington post As kincad fire rage northern california face biggest blackout ever thi weekend lo angel time california wildfir newsom issu,"['weekend', 'los', 'angeles', 'times', 'california', 'wildfires', 'washington', 'postpower', 'outages', 'look', 'degrading', 'infrastructure', 'post', 'wildfire', 'burning', 'highway', 'early', 'friday', '…', '[+', '5255', 'chars', 'newsom', 'issues', 'two', 'significant', 'fires', 'began', 'close', 'control', 'near', 'expanded', 'rapidly', 'overnight', 'jumped', 'millions', 'northern', 'pg', 'news', 'kincade', 'fire', 'rages', 'power', 'calif', 'residents', 'residential', 'areas', 'faces', 'biggest', 'blackouts', 'ever', 'southern', 'e', 'scrutiny', 'outage', 'comes', 'past', 'three', 'days']",1
142,Al Jazeera,"A fire in Los Angeles has forced thousands to flee their home, the most recent blaze to spark in the US state of California, where firefighters are battling over a dozen wildfires, including a mass inferno in a region known for its wine. 
The fast-moving bru… [+4373 chars]",California governor declares state of emergency as multiple wildfires rage across the state.,https://www.aljazeera.com/mritems/Images/2019/10/28/737946633faa421e85ee202149139e4f_18.jpg,2019-10-28,Al Jazeera English,"Raging Los Angeles wildfire destroys homes, prompts evacuations",https://www.aljazeera.com/news/2019/10/raging-los-angeles-wildfire-destroys-homes-prompts-evacuations-191028161111011.html,"A fire in Los Angeles has forced thousands to flee their home, the most recent blaze to spark in the US state of California, where firefighters are battling over a dozen wildfires, including a mass inferno in a region known for its wine. 
The fast-moving bru… [+4373 chars]Raging Los Angeles wildfire destroys homes, prompts evacuationsCalifornia governor declares state of emergency as multiple wildfires rage across the state.","['A', 'fire', 'in', 'Los', 'Angeles', 'has', 'forced', 'thousands', 'to', 'flee', 'their', 'home', 'the', 'most', 'recent', 'blaze', 'to', 'spark', 'in', 'the', 'US', 'state', 'of', 'California', 'where', 'firefighters', 'are', 'battling', 'over', 'a', 'dozen', 'wildfires', 'including', 'a', 'mass', 'inferno', 'in', 'a', 'region', 'known', 'for', 'its', 'wine', 'The', 'fast', 'moving', 'bru', '4373', 'chars', 'Raging', 'Los', 'Angeles', 'wildfire', 'destroys', 'homes', 'prompts', 'evacuationsCalifornia', 'governor', 'declares', 'state', 'of', 'emergency', 'as', 'multiple', 'wildfires', 'rage', 'across', 'the', 'state']",A fire in Los Angeles ha forced thousand to flee their home the most recent blaze to spark in the US state of California where firefighter are battling over a dozen wildfire including a mass inferno in a region known for it wine The fast moving bru 4373 char Raging Los Angeles wildfire destroys home prompt evacuationsCalifornia governor declares state of emergency a multiple wildfire rage across the state,A fire in lo angel ha forc thousand to flee their home the most recent blaze to spark in the US state of california where firefight are battl over a dozen wildfir includ a mass inferno in a region known for it wine the fast move bru 4373 char rage lo angel wildfir destroy home prompt evacuationscalifornia governor declar state of emerg as multipl wildfir rage across the state,"['state', 'emergency', 'including', 'fast', 'recent', 'blaze', 'flee', 'los', 'angeles', 'home', 'forced', 'thousands', 'multiple', 'wildfires', 'rage', 'across', 'us', 'region', 'known', 'spark', 'moving', 'bru', '…', '[+', '4373', 'chars', 'wine', 'mass', 'inferno', 'dozen', 'prompts', 'evacuationscalifornia', 'governor', 'declares', 'firefighters', 'raging', 'wildfire', 'destroys', 'homes', 'california', 'fire', 'battling']",1
145,https://www.facebook.com/bbcnews,"Media captionWith wildfires occurring across the globe, here are some of the techniques used to stop them
Thousands of Los Angeles residents have been told to evacuate because of a fast-moving wildfire that began in the early hours of Monday morning.
The Ge… [+3451 chars]",Thousands of people flee their homes as a fast-moving fire threatens some of Los Angeles' wealthiest areas.,https://ichef.bbci.co.uk/images/ic/1024x576/p06gt559.jpg,2019-10-28,BBC News,California fires: New blazes erupt in Los Angeles,https://www.bbc.co.uk/news/world-us-canada-50212582,"Media captionWith wildfires occurring across the globe, here are some of the techniques used to stop them
Thousands of Los Angeles residents have been told to evacuate because of a fast-moving wildfire that began in the early hours of Monday morning.
The Ge… [+3451 chars]California fires: New blazes erupt in Los AngelesThousands of people flee their homes as a fast-moving fire threatens some of Los Angeles' wealthiest areas.","['Media', 'captionWith', 'wildfires', 'occurring', 'across', 'the', 'globe', 'here', 'are', 'some', 'of', 'the', 'techniques', 'used', 'to', 'stop', 'them', 'Thousands', 'of', 'Los', 'Angeles', 'residents', 'have', 'been', 'told', 'to', 'evacuate', 'because', 'of', 'a', 'fast', 'moving', 'wildfire', 'that', 'began', 'in', 'the', 'early', 'hours', 'of', 'Monday', 'morning', 'The', 'Ge', '3451', 'chars', 'California', 'fires', 'New', 'blazes', 'erupt', 'in', 'Los', 'AngelesThousands', 'of', 'people', 'flee', 'their', 'homes', 'as', 'a', 'fast', 'moving', 'fire', 'threatens', 'some', 'of', 'Los', 'Angeles', 'wealthiest', 'areas']",Media captionWith wildfire occurring across the globe here are some of the technique used to stop them Thousands of Los Angeles resident have been told to evacuate because of a fast moving wildfire that began in the early hour of Monday morning The Ge 3451 char California fire New blaze erupt in Los AngelesThousands of people flee their home a a fast moving fire threatens some of Los Angeles wealthiest area,media captionwith wildfir occur across the globe here are some of the techniqu use to stop them thousand of lo angel resid have been told to evacu becaus of a fast move wildfir that began in the earli hour of monday morn the Ge 3451 char california fire new blaze erupt in lo angelesthousand of peopl flee their home as a fast move fire threaten some of lo angel wealthiest area,"['stop', 'techniques', 'used', 'monday', 'morning', 'began', 'fast', 'evacuate', 'new', 'blazes', 'erupt', 'told', 'los', 'angeles', 'residents', 'homes', 'ge', '…', '[+', '3451', 'chars', 'globe', 'media', 'captionwith', 'wildfires', 'occurring', 'across', 'people', 'flee', 'thousands', 'wealthiest', 'areas', 'angelesthousands', 'moving', 'fire', 'threatens', 'wildfire', 'early', 'hours', 'california', 'fires']",1
148,Philip Pacheco,"Powerful winds fanned Calfornia's biggest wildfire Sunday, threatening the city of Santa Rosa and forcing the evacuation of tens of thousands of people.
The Kincade Fire, north of San Francisco, spread to 30,000 acres (12,000 hectares); only 10 percent of it… [+4489 chars]","Powerful winds fanned Calfornia's biggest wildfire Sunday, threatening the city of Santa Rosa and forcing the evacuation of tens of thousands of people.",https://scx2.b-cdn.net/gfx/news/2019/thesodarockw.jpg,2019-10-27,Phys.org,Powerful winds fan flames as 'historic' California blaze spreads,https://phys.org/news/2019-10-powerful-fan-flames-historic-california.html,"Powerful winds fanned Calfornia's biggest wildfire Sunday, threatening the city of Santa Rosa and forcing the evacuation of tens of thousands of people.
The Kincade Fire, north of San Francisco, spread to 30,000 acres (12,000 hectares); only 10 percent of it… [+4489 chars]Powerful winds fan flames as 'historic' California blaze spreadsPowerful winds fanned Calfornia's biggest wildfire Sunday, threatening the city of Santa Rosa and forcing the evacuation of tens of thousands of people.","['Powerful', 'winds', 'fanned', 'Calfornia', 's', 'biggest', 'wildfire', 'Sunday', 'threatening', 'the', 'city', 'of', 'Santa', 'Rosa', 'and', 'forcing', 'the', 'evacuation', 'of', 'tens', 'of', 'thousands', 'of', 'people', 'The', 'Kincade', 'Fire', 'north', 'of', 'San', 'Francisco', 'spread', 'to', '30', '000', 'acres', '12', '000', 'hectares', 'only', '10', 'percent', 'of', 'it', '4489', 'chars', 'Powerful', 'winds', 'fan', 'flames', 'as', 'historic', 'California', 'blaze', 'spreadsPowerful', 'winds', 'fanned', 'Calfornia', 's', 'biggest', 'wildfire', 'Sunday', 'threatening', 'the', 'city', 'of', 'Santa', 'Rosa', 'and', 'forcing', 'the', 'evacuation', 'of', 'tens', 'of', 'thousands', 'of', 'people']",Powerful wind fanned Calfornia s biggest wildfire Sunday threatening the city of Santa Rosa and forcing the evacuation of ten of thousand of people The Kincade Fire north of San Francisco spread to 30 000 acre 12 000 hectare only 10 percent of it 4489 char Powerful wind fan flame a historic California blaze spreadsPowerful wind fanned Calfornia s biggest wildfire Sunday threatening the city of Santa Rosa and forcing the evacuation of ten of thousand of people,power wind fan calfornia s biggest wildfir sunday threaten the citi of santa rosa and forc the evacu of ten of thousand of peopl the kincad fire north of san francisco spread to 30 000 acr 12 000 hectar onli 10 percent of it 4489 char power wind fan flame as histor california blaze spreadspow wind fan calfornia s biggest wildfir sunday threaten the citi of santa rosa and forc the evacu of ten of thousand of peopl,"['threatening', '12', '000', 'acres', '10', 'percent', 'tens', 'kincade', 'fire', 'powerful', 'winds', 'fanned', 'calfornia', '30', 'santa', 'rosa', 'city', 'forcing', 'thousands', 'people', 'north', 'spread', 'fan', 'flames', 'hectares', ');', 'san', 'francisco', '…', '[+', '4489', 'chars', 'historic', 'california', 'blaze', 'spreadspowerful', 'biggest', 'wildfire', 'sunday', 'evacuation']",1
149,Jocelyne Zablit,"A wildfire broke out early Monday near the renowned Getty Center in Los Angeles, forcing widespread evacuations as the flames destroyed several homes in hillside communities.
The so-called Getty Fire broke out overnight near a major freeway and quickly sprea… [+4665 chars]","A wildfire broke out early Monday near the renowned Getty Center in Los Angeles, forcing widespread evacuations as the flames destroyed several homes in hillside communities.",https://scx2.b-cdn.net/gfx/news/2019/17-firefighters.jpg,2019-10-28,Phys.org,Evacuations as wildfire breaks out in Los Angeles,https://phys.org/news/2019-10-evacuations-wildfire-los-angeles.html,"A wildfire broke out early Monday near the renowned Getty Center in Los Angeles, forcing widespread evacuations as the flames destroyed several homes in hillside communities.
The so-called Getty Fire broke out overnight near a major freeway and quickly sprea… [+4665 chars]Evacuations as wildfire breaks out in Los AngelesA wildfire broke out early Monday near the renowned Getty Center in Los Angeles, forcing widespread evacuations as the flames destroyed several homes in hillside communities.","['A', 'wildfire', 'broke', 'out', 'early', 'Monday', 'near', 'the', 'renowned', 'Getty', 'Center', 'in', 'Los', 'Angeles', 'forcing', 'widespread', 'evacuations', 'as', 'the', 'flames', 'destroyed', 'several', 'homes', 'in', 'hillside', 'communities', 'The', 'so', 'called', 'Getty', 'Fire', 'broke', 'out', 'overnight', 'near', 'a', 'major', 'freeway', 'and', 'quickly', 'sprea', '4665', 'chars', 'Evacuations', 'as', 'wildfire', 'breaks', 'out', 'in', 'Los', 'AngelesA', 'wildfire', 'broke', 'out', 'early', 'Monday', 'near', 'the', 'renowned', 'Getty', 'Center', 'in', 'Los', 'Angeles', 'forcing', 'widespread', 'evacuations', 'as', 'the', 'flames', 'destroyed', 'several', 'homes', 'in', 'hillside', 'communities']",A wildfire broke out early Monday near the renowned Getty Center in Los Angeles forcing widespread evacuation a the flame destroyed several home in hillside community The so called Getty Fire broke out overnight near a major freeway and quickly sprea 4665 char Evacuations a wildfire break out in Los AngelesA wildfire broke out early Monday near the renowned Getty Center in Los Angeles forcing widespread evacuation a the flame destroyed several home in hillside community,A wildfir broke out earli monday near the renown getti center in lo angel forc widespread evacu as the flame destroy sever home in hillsid commun the so call getti fire broke out overnight near a major freeway and quickli sprea 4665 char evacu as wildfir break out in lo angelesa wildfir broke out earli monday near the renown getti center in lo angel forc widespread evacu as the flame destroy sever home in hillsid commun,"['renowned', 'getty', 'center', 'wildfire', 'broke', 'los', 'angelesa', 'breaks', 'angeles', 'overnight', 'near', 'evacuations', 'quickly', 'sprea', '…', '[+', '4665', 'chars', 'flames', 'destroyed', 'several', 'homes', 'early', 'monday', 'called', 'fire', 'forcing', 'widespread', 'major', 'freeway', 'hillside', 'communities']",1
153,Al Jazeera,"Authorities in northern California ordered 180,000 residents to evacuate their homes on Sunday as winds fueled a wildfire in the wine country, while electricity was shut off for millions of people in an effort to prevent more fires.
The fear that the winds c… [+944 chars]","About 180,000 residents asked to evacuate their homes and power cut for 2.3 million people, as authorities battle blaze.",https://www.aljazeera.com/mritems/Images/2019/10/27/afd541f4f49b4e47a07c880b4aba08e2_18.jpg,2019-10-27,Al Jazeera English,In Pictures: Millions without power as California wildfires rage,https://www.aljazeera.com/indepth/inpictures/pictures-millions-power-california-wildfires-rage-191027165119004.html,"Authorities in northern California ordered 180,000 residents to evacuate their homes on Sunday as winds fueled a wildfire in the wine country, while electricity was shut off for millions of people in an effort to prevent more fires.
The fear that the winds c… [+944 chars]In Pictures: Millions without power as California wildfires rageAbout 180,000 residents asked to evacuate their homes and power cut for 2.3 million people, as authorities battle blaze.","['Authorities', 'in', 'northern', 'California', 'ordered', '180', '000', 'residents', 'to', 'evacuate', 'their', 'homes', 'on', 'Sunday', 'as', 'winds', 'fueled', 'a', 'wildfire', 'in', 'the', 'wine', 'country', 'while', 'electricity', 'was', 'shut', 'off', 'for', 'millions', 'of', 'people', 'in', 'an', 'effort', 'to', 'prevent', 'more', 'fires', 'The', 'fear', 'that', 'the', 'winds', 'c', '944', 'chars', 'In', 'Pictures', 'Millions', 'without', 'power', 'as', 'California', 'wildfires', 'rageAbout', '180', '000', 'residents', 'asked', 'to', 'evacuate', 'their', 'homes', 'and', 'power', 'cut', 'for', '2', '3', 'million', 'people', 'as', 'authorities', 'battle', 'blaze']",Authorities in northern California ordered 180 000 resident to evacuate their home on Sunday a wind fueled a wildfire in the wine country while electricity wa shut off for million of people in an effort to prevent more fire The fear that the wind c 944 char In Pictures Millions without power a California wildfire rageAbout 180 000 resident asked to evacuate their home and power cut for 2 3 million people a authority battle blaze,author in northern california order 180 000 resid to evacu their home on sunday as wind fuel a wildfir in the wine countri while electr wa shut off for million of peopl in an effort to prevent more fire the fear that the wind c 944 char In pictur million without power as california wildfir rageabout 180 000 resid ask to evacu their home and power cut for 2 3 million peopl as author battl blaze,"['000', 'residents', 'authorities', 'wine', 'country', 'northern', 'california', 'ordered', '180', 'fires', 'asked', '3', 'million', 'people', 'sunday', 'evacuate', 'shut', 'wildfires', 'rageabout', 'millions', 'homes', 'without', 'power', 'battle', 'blaze', 'effort', 'fear', 'winds', 'c', '…', '[+', '944', 'chars', 'cut', 'pictures', 'electricity', 'wildfire', 'fueled', 'prevent', '2']",1
158,Al Jazeera,"The governor of the US state of California has declared a state of emergency because of raging wildfires.
High winds and extremely low humidity have hindered efforts to contain blazes burning in the northern and southern part of the state.
The Kincade fire … [+1514 chars]",Wildfires continue to tear through southern and northern parts of the western US state.,https://www.aljazeera.com/mritems/Images/2019/10/28/a002679500ad44408c6e8f738f5f3ebc_18.jpg,2019-10-28,Al Jazeera English,California declares state of emergency as fires rage,https://www.aljazeera.com/news/2019/10/california-declares-state-emergency-fires-blaze-191028085922540.html,"The governor of the US state of California has declared a state of emergency because of raging wildfires.
High winds and extremely low humidity have hindered efforts to contain blazes burning in the northern and southern part of the state.
The Kincade fire … [+1514 chars]California declares state of emergency as fires rageWildfires continue to tear through southern and northern parts of the western US state.","['The', 'governor', 'of', 'the', 'US', 'state', 'of', 'California', 'has', 'declared', 'a', 'state', 'of', 'emergency', 'because', 'of', 'raging', 'wildfires', 'High', 'winds', 'and', 'extremely', 'low', 'humidity', 'have', 'hindered', 'efforts', 'to', 'contain', 'blazes', 'burning', 'in', 'the', 'northern', 'and', 'southern', 'part', 'of', 'the', 'state', 'The', 'Kincade', 'fire', '1514', 'chars', 'California', 'declares', 'state', 'of', 'emergency', 'as', 'fires', 'rageWildfires', 'continue', 'to', 'tear', 'through', 'southern', 'and', 'northern', 'parts', 'of', 'the', 'western', 'US', 'state']",The governor of the US state of California ha declared a state of emergency because of raging wildfire High wind and extremely low humidity have hindered effort to contain blaze burning in the northern and southern part of the state The Kincade fire 1514 char California declares state of emergency a fire rageWildfires continue to tear through southern and northern part of the western US state,the governor of the US state of california ha declar a state of emerg becaus of rage wildfir high wind and extrem low humid have hinder effort to contain blaze burn in the northern and southern part of the state the kincad fire 1514 char california declar state of emerg as fire ragewildfir continu to tear through southern and northern part of the western US state,"['kincade', 'fire', '…', '[+', '1514', 'chars', 'state', 'southern', 'part', 'emergency', 'fires', 'ragewildfires', 'continue', 'declared', 'western', 'us', 'governor', 'high', 'winds', 'northern', 'hindered', 'efforts', 'tear', 'raging', 'wildfires', 'parts', 'extremely', 'low', 'humidity', 'contain', 'blazes', 'burning', 'california', 'declares']",1
166,Lizzie Johnson,"A firefighter battling the explosive Kincade Fire near Geyserville was forced to deploy his personal fire shelter to prevent two residents from being overcome by flames as the blaze surged Friday evening, state officials said.
Fire shelters are used as a las… [+1318 chars]","Close call at Kincade Fire: Hero firefighter shields evacuees from surging flames, all survive San Francisco Chronicle California Wildfire Air Quality Map: Where Smoke is Raising Health Concerns, Causing Schools to Cancel Class Newsweek Smoke From North Bay F…",https://s.hdnux.com/photos/01/06/43/02/18493584/9/rawImage.jpg,2019-10-26,Sfchronicle.com,"Close call at Kincade Fire: Hero firefighter shields evacuees from surging flames, all survive - San Francisco Chronicle",https://www.sfchronicle.com/california-wildfires/article/Close-call-at-Kincade-Fire-Hero-firefighter-14564496.php,"A firefighter battling the explosive Kincade Fire near Geyserville was forced to deploy his personal fire shelter to prevent two residents from being overcome by flames as the blaze surged Friday evening, state officials said.
Fire shelters are used as a las… [+1318 chars]Close call at Kincade Fire: Hero firefighter shields evacuees from surging flames, all survive - San Francisco ChronicleClose call at Kincade Fire: Hero firefighter shields evacuees from surging flames, all survive San Francisco Chronicle California Wildfire Air Quality Map: Where Smoke is Raising Health Concerns, Causing Schools to Cancel Class Newsweek Smoke From North Bay F…","['A', 'firefighter', 'battling', 'the', 'explosive', 'Kincade', 'Fire', 'near', 'Geyserville', 'was', 'forced', 'to', 'deploy', 'his', 'personal', 'fire', 'shelter', 'to', 'prevent', 'two', 'residents', 'from', 'being', 'overcome', 'by', 'flames', 'as', 'the', 'blaze', 'surged', 'Friday', 'evening', 'state', 'officials', 'said', 'Fire', 'shelters', 'are', 'used', 'as', 'a', 'las', '1318', 'chars', 'Close', 'call', 'at', 'Kincade', 'Fire', 'Hero', 'firefighter', 'shields', 'evacuees', 'from', 'surging', 'flames', 'all', 'survive', 'San', 'Francisco', 'ChronicleClose', 'call', 'at', 'Kincade', 'Fire', 'Hero', 'firefighter', 'shields', 'evacuees', 'from', 'surging', 'flames', 'all', 'survive', 'San', 'Francisco', 'Chronicle', 'California', 'Wildfire', 'Air', 'Quality', 'Map', 'Where', 'Smoke', 'is', 'Raising', 'Health', 'Concerns', 'Causing', 'Schools', 'to', 'Cancel', 'Class', 'Newsweek', 'Smoke', 'From', 'North', 'Bay', 'F']",A firefighter battling the explosive Kincade Fire near Geyserville wa forced to deploy his personal fire shelter to prevent two resident from being overcome by flame a the blaze surged Friday evening state official said Fire shelter are used a a la 1318 char Close call at Kincade Fire Hero firefighter shield evacuee from surging flame all survive San Francisco ChronicleClose call at Kincade Fire Hero firefighter shield evacuee from surging flame all survive San Francisco Chronicle California Wildfire Air Quality Map Where Smoke is Raising Health Concerns Causing Schools to Cancel Class Newsweek Smoke From North Bay F,A firefight battl the explos kincad fire near geyservil wa forc to deploy hi person fire shelter to prevent two resid from be overcom by flame as the blaze surg friday even state offici said fire shelter are use as a la 1318 char close call at kincad fire hero firefight shield evacue from surg flame all surviv san francisco chronicleclos call at kincad fire hero firefight shield evacue from surg flame all surviv san francisco chronicl california wildfir air qualiti map where smoke is rais health concern caus school to cancel class newsweek smoke from north bay F,"['blaze', 'surged', 'friday', 'evening', 'cancel', 'class', 'newsweek', 'smoke', 'personal', 'fire', 'shelter', 'raising', 'health', 'concerns', 'prevent', 'two', 'residents', 'kincade', 'forced', 'north', 'bay', 'f', '…', 'used', 'state', 'officials', 'said', 'overcome', 'causing', 'schools', 'las', '[+', '1318', 'chars', 'explosive', 'near', 'geyserville', 'survive', 'san', 'francisco', 'chronicle', 'california', 'wildfire', 'air', 'quality', 'map', 'surging', 'flames', 'firefighter', 'battling', 'hero', 'shields', 'evacuees', 'shelters', 'deploy', 'chronicleclose', 'call', 'close']",1
1260,Jose A. Del Real,"The need for such tools especially those that work quickly and simply has grown with the sheer intensity of wildfires in recent years, driven in part by climate change and by the spread of residential development. California suffered a devastating fire season… [+1666 chars]","As wildfires grow more intense, fire chiefs in Southern California are looking to big data and machine learning for help in managing fast-moving blazes.",https://static01.nyt.com/images/2019/06/21/us/00firedata-truck/00firedata-truck-facebookJumbo.jpg,2019-06-24,,Can ‘Big Data’ Help Fight Big Fires? Firefighters Are Betting on It,https://www.nytimes.com/2019/06/24/us/wildfires-big-data-california.html,"The need for such tools especially those that work quickly and simply has grown with the sheer intensity of wildfires in recent years, driven in part by climate change and by the spread of residential development. California suffered a devastating fire season… [+1666 chars]Can ‘Big Data’ Help Fight Big Fires? Firefighters Are Betting on ItAs wildfires grow more intense, fire chiefs in Southern California are looking to big data and machine learning for help in managing fast-moving blazes.","['The', 'need', 'for', 'such', 'tools', 'especially', 'those', 'that', 'work', 'quickly', 'and', 'simply', 'has', 'grown', 'with', 'the', 'sheer', 'intensity', 'of', 'wildfires', 'in', 'recent', 'years', 'driven', 'in', 'part', 'by', 'climate', 'change', 'and', 'by', 'the', 'spread', 'of', 'residential', 'development', 'California', 'suffered', 'a', 'devastating', 'fire', 'season', '1666', 'chars', 'Can', 'Big', 'Data', 'Help', 'Fight', 'Big', 'Fires', 'Firefighters', 'Are', 'Betting', 'on', 'ItAs', 'wildfires', 'grow', 'more', 'intense', 'fire', 'chiefs', 'in', 'Southern', 'California', 'are', 'looking', 'to', 'big', 'data', 'and', 'machine', 'learning', 'for', 'help', 'in', 'managing', 'fast', 'moving', 'blazes']",The need for such tool especially those that work quickly and simply ha grown with the sheer intensity of wildfire in recent year driven in part by climate change and by the spread of residential development California suffered a devastating fire season 1666 char Can Big Data Help Fight Big Fires Firefighters Are Betting on ItAs wildfire grow more intense fire chief in Southern California are looking to big data and machine learning for help in managing fast moving blaze,the need for such tool especi those that work quickli and simpli ha grown with the sheer intens of wildfir in recent year driven in part by climat chang and by the spread of residenti develop california suffer a devast fire season 1666 char can big data help fight big fire firefight are bet on ita wildfir grow more intens fire chief in southern california are look to big data and machin learn for help in manag fast move blaze,"['work', 'quickly', 'wildfires', 'looking', 'residential', 'development', 'need', 'machine', 'learning', 'driven', 'simply', 'devastating', 'fire', 'season', '…', '[+', '1666', 'chars', 'moving', 'blazes', 'big', 'data', 'itas', 'grow', 'betting', 'tools', 'especially', 'help', 'managing', 'fast', 'sheer', 'intensity', 'spread', '‘', '’', 'fight', 'fires', 'recent', 'years', 'intense', 'part', 'california', 'suffered', 'climate', 'change', 'firefighters', 'southern', 'chiefs', 'grown']",1
1302,youtube,,"European heatwave: Wildfires burn across Spain Al Jazeera English It's so hot in Spain that manure self-ignited, sparking a 10,000-acre wildfire CNN Spain fires: Heatwave sparks wildfires across Tarragona, blaze forecast to spread rapidly Express.co.uk Manure…",,2019-06-27,cnn,European heatwave: Wildfires burn across Spain - Al Jazeera English,https://www.youtube.com/watch?v=7F_VkjtgcDA,"nanEuropean heatwave: Wildfires burn across Spain - Al Jazeera EnglishEuropean heatwave: Wildfires burn across Spain Al Jazeera English It's so hot in Spain that manure self-ignited, sparking a 10,000-acre wildfire CNN Spain fires: Heatwave sparks wildfires across Tarragona, blaze forecast to spread rapidly Express.co.uk Manure…","['nanEuropean', 'heatwave', 'Wildfires', 'burn', 'across', 'Spain', 'Al', 'Jazeera', 'EnglishEuropean', 'heatwave', 'Wildfires', 'burn', 'across', 'Spain', 'Al', 'Jazeera', 'English', 'It', 's', 'so', 'hot', 'in', 'Spain', 'that', 'manure', 'self', 'ignited', 'sparking', 'a', '10', '000', 'acre', 'wildfire', 'CNN', 'Spain', 'fires', 'Heatwave', 'sparks', 'wildfires', 'across', 'Tarragona', 'blaze', 'forecast', 'to', 'spread', 'rapidly', 'Express', 'co', 'uk', 'Manure']",nanEuropean heatwave Wildfires burn across Spain Al Jazeera EnglishEuropean heatwave Wildfires burn across Spain Al Jazeera English It s so hot in Spain that manure self ignited sparking a 10 000 acre wildfire CNN Spain fire Heatwave spark wildfire across Tarragona blaze forecast to spread rapidly Express co uk Manure,naneuropean heatwav wildfir burn across spain Al jazeera englisheuropean heatwav wildfir burn across spain Al jazeera english It s so hot in spain that manur self ignit spark a 10 000 acr wildfir cnn spain fire heatwav spark wildfir across tarragona blaze forecast to spread rapidli express co uk manur,"['ignited', 'sparking', 'co', 'manure', 'self', '000', 'wildfires', 'burn', 'across', 'spain', 'al', 'jazeera', 'english', 'blaze', 'forecast', '10', 'spread', 'rapidly', 'express', 'naneuropean', 'heatwave', 'englisheuropean', 'acre', 'wildfire', 'cnn', 'fires', 'hot', 'sparks', 'tarragona', 'uk', '…']",1
1472,westhawaiitoday,"HONOLULU — The Maui Fire Department continued battling two large brush fires with water drops from helicopters just shortly after sunrise today.
Maui County officials reported the Kihei blaze was 70% contained, while the Puunene fire was about 90% contained … [+1330 chars]","Maui fires mostly contained West Hawaii Today As crews battle Maui brush fire, second blaze breaks out NBC News Hawaii Wildfires Force Thousands to Evacuate VOA News UPDATE: Maui Police open arson investigation in connection to two brush fires on Maui KITV Ho…",https://www.westhawaiitoday.com/wp-content/uploads/2019/07/web1_8789184-c1adf15613864232acdde9f48c9cf4db.jpg,2019-07-13,the-new-york-times,Maui fires mostly contained - West Hawaii Today,https://www.westhawaiitoday.com/2019/07/13/hawaii-news/second-maui-fire-ignites/,"HONOLULU — The Maui Fire Department continued battling two large brush fires with water drops from helicopters just shortly after sunrise today.
Maui County officials reported the Kihei blaze was 70% contained, while the Puunene fire was about 90% contained … [+1330 chars]Maui fires mostly contained - West Hawaii TodayMaui fires mostly contained West Hawaii Today As crews battle Maui brush fire, second blaze breaks out NBC News Hawaii Wildfires Force Thousands to Evacuate VOA News UPDATE: Maui Police open arson investigation in connection to two brush fires on Maui KITV Ho…","['HONOLULU', 'The', 'Maui', 'Fire', 'Department', 'continued', 'battling', 'two', 'large', 'brush', 'fires', 'with', 'water', 'drops', 'from', 'helicopters', 'just', 'shortly', 'after', 'sunrise', 'today', 'Maui', 'County', 'officials', 'reported', 'the', 'Kihei', 'blaze', 'was', '70', 'contained', 'while', 'the', 'Puunene', 'fire', 'was', 'about', '90', 'contained', '1330', 'chars', 'Maui', 'fires', 'mostly', 'contained', 'West', 'Hawaii', 'TodayMaui', 'fires', 'mostly', 'contained', 'West', 'Hawaii', 'Today', 'As', 'crews', 'battle', 'Maui', 'brush', 'fire', 'second', 'blaze', 'breaks', 'out', 'NBC', 'News', 'Hawaii', 'Wildfires', 'Force', 'Thousands', 'to', 'Evacuate', 'VOA', 'News', 'UPDATE', 'Maui', 'Police', 'open', 'arson', 'investigation', 'in', 'connection', 'to', 'two', 'brush', 'fires', 'on', 'Maui', 'KITV', 'Ho']",HONOLULU The Maui Fire Department continued battling two large brush fire with water drop from helicopter just shortly after sunrise today Maui County official reported the Kihei blaze wa 70 contained while the Puunene fire wa about 90 contained 1330 char Maui fire mostly contained West Hawaii TodayMaui fire mostly contained West Hawaii Today As crew battle Maui brush fire second blaze break out NBC News Hawaii Wildfires Force Thousands to Evacuate VOA News UPDATE Maui Police open arson investigation in connection to two brush fire on Maui KITV Ho,honolulu the maui fire depart continu battl two larg brush fire with water drop from helicopt just shortli after sunris today maui counti offici report the kihei blaze wa 70 contain while the puunen fire wa about 90 contain 1330 char maui fire mostli contain west hawaii todaymaui fire mostli contain west hawaii today As crew battl maui brush fire second blaze break out nbc new hawaii wildfir forc thousand to evacu voa new updat maui polic open arson investig in connect to two brush fire on maui kitv Ho,"['two', 'brush', 'fires', 'maui', 'police', 'open', 'arson', 'investigation', 'connection', 'crews', 'battle', 'fire', 'mostly', 'contained', 'sunrise', 'today', 'puunene', '70', 'kihei', 'blaze', 'nbc', 'news', 'hawaii', 'wildfires', 'force', 'thousands', 'kitv', 'ho', '…', 'department', 'continued', 'battling', 'large', 'second', 'breaks', 'evacuate', 'voa', 'update', 'helicopters', 'shortly', 'west', 'todaymaui', 'county', 'officials', 'reported', '90', 'honolulu', '—', '[+', '1330', 'chars', 'water', 'drops']",1
